City_ID,City,Lat,Lng,Max Temp,Humidity,Cloudiness,Wind Speed,Country,Date
0,Kaitangata,-46.2817,169.8464,49.93,72,89,5.03,NZ,2021-07-27 18:06:45
1,East London,-33.0153,27.9116,73.89,30,0,8.68,ZA,2021-07-27 18:06:10
2,Rikitea,-23.1203,-134.9692,74.28,77,97,14.72,PF,2021-07-27 18:04:05
3,Cabo San Lucas,22.8909,-109.9124,95.81,68,1,8.01,MX,2021-07-27 18:06:46
4,Faanui,-16.4833,-151.75,77.9,74,47,9.28,PF,2021-07-27 18:06:46
5,Castro,-24.7911,-50.0119,62.58,74,75,8.25,BR,2021-07-27 18:04:17
6,Broome,42.2506,-75.833,88.02,49,1,1.99,US,2021-07-27 18:06:46
7,Port Alfred,-33.5906,26.891,72.97,27,0,21.54,ZA,2021-07-27 18:06:47
8,Airai,-8.9266,125.4092,56.91,74,36,2.53,TL,2021-07-27 18:06:47
9,Punta Arenas,-53.15,-70.9167,42.12,93,100,7.99,CL,2021-07-27 18:02:29
10,Vadso,70.0744,29.7487,61.68,71,40,10.36,NO,2021-07-27 18:06:47
11,Bathsheba,13.2167,-59.5167,88.41,66,40,17.27,BB,2021-07-27 18:06:48
12,Sarkand,45.41,79.9186,64.54,57,7,0.78,KZ,2021-07-27 18:06:48
13,Muravlenko,63.7898,74.523,55.53,65,88,10.89,RU,2021-07-27 18:06:48
14,Mahebourg,-20.4081,57.7,67.24,86,97,17.02,MU,2021-07-27 18:06:49
15,Tuktoyaktuk,69.4541,-133.0374,48.16,70,100,9.71,CA,2021-07-27 18:06:49
16,Hithadhoo,-0.6,73.0833,81.07,78,98,7.49,MV,2021-07-27 18:06:49
17,Mar Del Plata,-38.0023,-57.5575,51.01,56,40,11.99,AR,2021-07-27 18:06:49
18,Kodiak,57.79,-152.4072,58.51,63,1,3.44,US,2021-07-27 18:06:50
19,Qaanaaq,77.484,-69.3632,42.91,97,83,3.98,GL,2021-07-27 18:06:50
20,Broken Hill,-31.95,141.4333,58.95,37,59,15.28,AU,2021-07-27 18:06:50
21,Immokalee,26.4187,-81.4173,93.97,55,75,6.91,US,2021-07-27 18:06:51
22,Puerto Ayora,-0.7393,-90.3518,74.7,68,55,10.25,EC,2021-07-27 18:06:51
23,Butaritari,3.0707,172.7902,82.02,71,100,9.31,KI,2021-07-27 18:06:52
24,Lavrentiya,65.5833,-171.0,43.79,99,100,8.95,RU,2021-07-27 18:06:52
25,Olinda,-8.0089,-34.8553,78.53,69,40,11.5,BR,2021-07-27 18:06:52
26,Pisco,-13.7,-76.2167,68.02,79,2,6.73,PE,2021-07-27 18:04:18
27,Puerto Colombia,10.9878,-74.9547,89.69,79,86,10.63,CO,2021-07-27 18:06:53
28,Cape Town,-33.9258,18.4232,57.09,88,90,5.99,ZA,2021-07-27 18:06:45
29,Souillac,-20.5167,57.5167,67.35,90,99,17.69,MU,2021-07-27 18:06:13
30,Sakaraha,-22.9,44.5333,61.25,52,2,8.61,MG,2021-07-27 18:06:53
31,Dikson,73.5069,80.5464,54.46,94,100,17.63,RU,2021-07-27 18:02:09
32,Busselton,-33.65,115.3333,47.05,66,93,12.39,AU,2021-07-27 18:06:54
33,Arraial Do Cabo,-22.9661,-42.0278,84.06,51,0,12.66,BR,2021-07-27 18:06:54
34,Vaini,-21.2,-175.2,68.16,100,90,6.91,TO,2021-07-27 18:06:54
35,Hede,33.7681,120.2517,77.09,95,100,22.7,CN,2021-07-27 18:06:55
36,Sorland,67.667,12.6934,66.27,89,7,13.13,NO,2021-07-27 18:06:55
37,Saskylakh,71.9167,114.0833,53.71,70,24,14.25,RU,2021-07-27 18:06:55
38,Bredasdorp,-34.5322,20.0403,54.28,82,42,15.37,ZA,2021-07-27 18:04:07
39,Olafsvik,64.8945,-23.7142,52.47,79,76,16.84,IS,2021-07-27 18:06:50
40,Yanam,16.7333,82.2167,85.17,61,98,8.55,IN,2021-07-27 18:06:56
41,Atuona,-9.8,-139.0333,78.15,66,32,21.05,PF,2021-07-27 18:06:56
42,Tanabe,33.7333,135.3667,76.93,80,94,3.83,JP,2021-07-27 18:06:56
43,Belmonte,-15.8631,-38.8828,77.5,68,27,6.85,BR,2021-07-27 18:06:57
44,Bethel,41.3712,-73.414,90.81,54,1,1.01,US,2021-07-27 18:03:29
45,Paracuru,-3.41,-39.0306,84.22,58,80,14.92,BR,2021-07-27 18:06:57
46,Thompson,55.7435,-97.8558,60.96,88,75,4.61,CA,2021-07-27 18:02:20
47,Lere,10.387,8.5726,67.46,92,95,7.43,NG,2021-07-27 18:06:58
48,Kruisfontein,-34.0033,24.7314,58.89,85,7,9.04,ZA,2021-07-27 18:06:58
49,Pacific Grove,36.6177,-121.9166,84.81,83,48,1.01,US,2021-07-27 18:02:25
50,Severo-Kurilsk,50.6789,156.125,57.0,97,100,9.06,RU,2021-07-27 18:06:58
51,Aasiaat,68.7098,-52.8699,43.56,85,100,4.32,GL,2021-07-27 18:06:59
52,Hamilton,39.1834,-84.5333,90.95,47,1,3.0,US,2021-07-27 18:06:59
53,Bonavista,48.6499,-53.1147,61.38,94,95,14.29,CA,2021-07-27 18:06:59
54,Ushuaia,-54.8,-68.3,37.06,87,90,4.61,AR,2021-07-27 18:05:11
55,Bluff,-46.6,168.3333,48.79,71,75,21.12,NZ,2021-07-27 18:07:00
56,Cidreira,-30.1811,-50.2056,53.2,63,75,18.48,BR,2021-07-27 18:07:00
57,Maudaha,25.6833,80.1167,79.47,89,100,13.51,IN,2021-07-27 18:07:00
58,Shu,43.5983,73.7614,76.23,24,0,13.06,KZ,2021-07-27 18:07:01
59,Geraldton,-28.7667,114.6,60.13,72,90,5.75,AU,2021-07-27 18:05:12
60,Russell,32.3502,-85.1999,93.9,64,20,3.44,US,2021-07-27 18:07:01
61,Kita,13.0349,-9.4895,85.23,59,100,3.06,ML,2021-07-27 18:07:01
62,Carnarvon,-24.8667,113.6333,59.07,58,90,4.61,AU,2021-07-27 18:07:01
63,Luderitz,-26.6481,15.1594,58.12,76,0,10.92,NA,2021-07-27 18:04:05
64,Tucuman,-26.8241,-65.2226,57.2,30,20,5.75,AR,2021-07-27 18:07:02
65,Aksu,41.1231,80.2644,88.93,28,61,11.83,CN,2021-07-27 18:03:57
66,Tateyama,34.9833,139.8667,78.03,88,75,8.05,JP,2021-07-27 18:07:03
67,Nemuro,43.3236,145.575,62.4,100,100,6.55,JP,2021-07-27 18:07:03
68,Cabedelo,-6.9811,-34.8339,84.87,76,26,14.61,BR,2021-07-27 18:07:04
69,Finschhafen,-6.6024,147.8681,77.36,83,13,8.46,PG,2021-07-27 18:07:04
70,Axim,4.8699,-2.2405,77.79,74,96,7.81,GH,2021-07-27 18:07:04
71,Mwene-Ditu,-7.0,23.45,70.57,26,51,2.44,CD,2021-07-27 18:07:05
72,Ishigaki,24.3448,124.1572,82.53,86,91,4.65,JP,2021-07-27 18:07:05
73,Albany,42.6001,-73.9662,88.09,57,21,4.65,US,2021-07-27 18:07:05
74,Sorong,-0.8833,131.25,79.38,88,100,8.05,ID,2021-07-27 18:05:18
75,Jamestown,42.097,-79.2353,85.32,43,75,14.0,US,2021-07-27 18:07:06
76,Dabakala,8.3667,-4.4333,78.69,75,100,4.92,CI,2021-07-27 18:07:06
77,Hermanus,-34.4187,19.2345,54.81,88,53,20.74,ZA,2021-07-27 18:04:12
78,Nikolayevsk-Na-Amure,53.1406,140.73,63.05,95,95,2.24,RU,2021-07-27 18:07:06
79,Hilo,19.7297,-155.09,76.73,89,90,0.0,US,2021-07-27 18:07:07
80,Cherskiy,68.75,161.3,35.87,85,91,17.02,RU,2021-07-27 18:06:07
81,Aklavik,68.2191,-135.0107,55.4,88,90,4.61,CA,2021-07-27 18:07:07
82,Thinadhoo,0.5333,72.9333,82.15,71,59,4.63,MV,2021-07-27 18:07:07
83,Neerijnen,51.8317,5.2819,67.24,87,100,9.62,NL,2021-07-27 18:07:08
84,Bonito,-21.1211,-56.4819,56.84,83,100,11.86,BR,2021-07-27 18:07:08
85,Mayor Pablo Lagerenza,-19.9309,-60.7718,62.91,36,98,11.88,PY,2021-07-27 18:07:09
86,Pevek,69.7008,170.3133,33.96,93,100,14.63,RU,2021-07-27 18:07:09
87,Buchanan,5.8808,-10.0467,76.96,78,89,13.0,LR,2021-07-27 18:03:03
88,Fortuna,40.5982,-124.1573,54.99,97,75,0.0,US,2021-07-27 18:04:38
89,San Vicente,-26.6167,-54.1333,54.72,36,85,7.78,AR,2021-07-27 18:06:18
90,Hay River,60.8156,-115.7999,55.06,58,100,5.93,CA,2021-07-27 18:02:57
91,Hobart,-42.8794,147.3294,58.26,65,90,5.01,AU,2021-07-27 18:03:09
92,Fort Nelson,58.8053,-122.7002,69.31,51,15,2.21,CA,2021-07-27 18:07:10
93,Gyanpur,25.35,82.4667,80.82,89,100,11.61,IN,2021-07-27 18:07:10
94,Georgetown,5.4112,100.3354,83.89,83,40,0.0,MY,2021-07-27 18:04:58
95,Qaqortoq,60.7167,-46.0333,59.5,75,98,6.13,GL,2021-07-27 18:07:10
96,Merauke,-8.4667,140.3333,75.63,87,100,9.24,ID,2021-07-27 18:07:11
97,Barrow,71.2906,-156.7887,42.82,94,90,10.36,US,2021-07-27 18:07:11
98,Saldanha,-33.0117,17.9442,57.72,86,100,12.97,ZA,2021-07-27 18:07:11
99,Belaya Gora,68.5333,146.4167,42.84,70,97,11.05,RU,2021-07-27 18:07:12
100,Sobolevo,54.4299,31.8996,67.51,73,100,6.91,RU,2021-07-27 18:07:12
101,Bria,6.5423,21.9863,69.62,94,87,3.94,CF,2021-07-27 18:07:12
102,Rawson,-43.3002,-65.1023,45.54,61,61,26.24,AR,2021-07-27 18:05:17
103,Jabinyanah,35.035,10.9081,80.6,61,0,14.43,TN,2021-07-27 18:07:13
104,Cayenne,4.9333,-52.3333,86.09,76,90,5.99,GF,2021-07-27 18:07:13
105,Dolores,-36.3132,-57.6792,50.13,50,25,21.41,AR,2021-07-27 18:07:14
106,Talcahuano,-36.7167,-73.1167,55.08,50,0,17.27,CL,2021-07-27 18:07:14
107,The Pas,53.8251,-101.2541,80.73,35,34,5.12,CA,2021-07-27 18:07:14
108,Muros,42.7762,-9.0603,78.15,58,32,13.91,ES,2021-07-27 18:07:15
109,Ilo,-17.6394,-71.3375,59.86,88,90,6.91,PE,2021-07-27 18:07:15
110,Lakatoro,-16.0999,167.4164,76.14,82,99,14.52,VU,2021-07-27 18:07:15
111,Myskhako,44.6714,37.7433,71.38,61,71,16.44,RU,2021-07-27 18:07:15
112,Pachino,36.7186,15.0907,90.59,64,0,12.77,IT,2021-07-27 18:07:16
113,Lagoa,39.05,-27.9833,72.27,84,100,11.61,PT,2021-07-27 18:07:16
114,Ribeira Grande,38.5167,-28.7,79.2,69,40,13.8,PT,2021-07-27 18:02:26
115,Namatanai,-3.6667,152.4333,79.38,80,59,5.79,PG,2021-07-27 18:07:17
116,Sao Filipe,14.8961,-24.4956,75.51,77,53,7.63,CV,2021-07-27 18:07:17
117,Shache,38.4167,77.2406,88.54,19,3,8.12,CN,2021-07-27 18:07:17
118,Khartoum,15.5518,32.5324,88.36,51,87,9.42,SD,2021-07-27 18:07:18
119,Isangel,-19.55,169.2667,69.19,72,40,12.26,VU,2021-07-27 18:07:18
120,Coihaique,-45.5752,-72.0662,48.15,53,0,3.44,CL,2021-07-27 18:07:19
121,Mayo,38.8876,-76.5119,96.03,56,0,5.01,US,2021-07-27 18:07:19
122,Tasiilaq,65.6145,-37.6368,42.96,82,49,5.39,GL,2021-07-27 18:07:19
123,Bontang,0.1333,117.5,77.9,86,100,9.73,ID,2021-07-27 18:07:20
124,Torbay,47.6666,-52.7314,67.75,94,90,12.66,CA,2021-07-27 18:07:20
125,Freeport,40.6576,-73.5832,94.19,46,1,4.0,US,2021-07-27 18:03:13
126,Guarapari,-20.6667,-40.4975,78.69,48,0,15.48,BR,2021-07-27 18:07:21
127,San Cristobal,7.7669,-72.225,80.78,54,86,6.82,VE,2021-07-27 18:07:21
128,Mnogovershinnyy,53.9353,139.9242,57.96,78,94,3.83,RU,2021-07-27 18:07:21
129,Bodden Town,19.2833,-81.25,87.98,68,84,11.99,KY,2021-07-27 18:03:16
130,Noumea,-22.2763,166.4572,68.0,99,13,8.81,NC,2021-07-27 18:07:22
131,Saint-Philippe,-21.3585,55.7679,71.15,77,57,11.25,RE,2021-07-27 18:07:22
132,Zeya,53.75,127.2667,63.37,97,100,3.76,RU,2021-07-27 18:07:22
133,New Norfolk,-42.7826,147.0587,57.92,62,98,3.0,AU,2021-07-27 18:07:22
134,Wukari,7.85,9.7833,75.27,73,50,4.65,NG,2021-07-27 18:07:23
135,Nouadhibou,20.931,-17.0347,69.57,87,2,27.92,MR,2021-07-27 18:07:23
136,Codrington,-38.2667,141.9667,53.78,89,91,23.71,AU,2021-07-27 18:07:24
137,Saint-Augustin,51.226,-58.6502,65.88,84,97,9.26,CA,2021-07-27 18:04:16
138,Ilulissat,69.2167,-51.1,60.82,51,75,5.75,GL,2021-07-27 18:07:24
139,Half Moon Bay,37.4636,-122.4286,85.82,69,97,3.96,US,2021-07-27 18:07:24
140,Strezhevoy,60.7333,77.5889,60.78,66,68,7.05,RU,2021-07-27 18:07:24
141,Porto Walter,-8.2686,-72.7439,91.53,44,84,2.59,BR,2021-07-27 18:07:25
142,Chokurdakh,70.6333,147.9167,34.95,86,100,11.1,RU,2021-07-27 18:07:25
143,Coolum Beach,-26.5333,153.1,55.35,96,5,5.32,AU,2021-07-27 18:07:25
144,Voh,-20.9667,164.7,60.98,80,0,4.99,NC,2021-07-27 18:07:26
145,Muisne,0.6,-80.0333,77.32,80,99,7.2,EC,2021-07-27 18:07:26
146,Khatanga,71.9667,102.5,74.32,58,75,13.2,RU,2021-07-27 18:07:26
147,Barentu,15.1139,37.5928,72.7,81,97,3.22,ER,2021-07-27 18:07:27
148,Strathmore,51.0501,-113.3852,75.81,37,58,12.57,CA,2021-07-27 18:07:27
149,Chicama,-7.8447,-79.1469,66.74,58,20,10.89,PE,2021-07-27 18:07:27
150,Floresta,-8.6011,-38.5686,89.37,35,29,18.84,BR,2021-07-27 18:07:27
151,Yellowknife,62.456,-114.3525,56.32,62,54,4.0,CA,2021-07-27 18:04:14
152,Guerrero Negro,27.9769,-114.0611,78.51,55,0,10.94,MX,2021-07-27 18:07:28
153,Yulara,-25.2406,130.9889,67.84,34,90,5.75,AU,2021-07-27 18:07:28
154,Sao Joao Da Barra,-21.6403,-41.0511,80.69,67,0,14.07,BR,2021-07-27 18:04:55
155,Prykolotne,50.1604,37.3474,71.64,44,0,6.51,UA,2021-07-27 18:07:28
156,Lebu,-37.6167,-73.65,49.68,66,1,24.74,CL,2021-07-27 18:07:29
157,Marale,14.8833,-87.15,85.01,38,21,2.37,HN,2021-07-27 18:07:29
158,Sedro-Woolley,48.5039,-122.2361,75.38,71,1,0.0,US,2021-07-27 18:07:29
159,Mataura,-46.1927,168.8643,48.47,93,96,1.7,NZ,2021-07-27 18:07:30
160,Yilan,24.757,121.753,86.83,99,100,3.76,TW,2021-07-27 18:07:31
161,Brigantine,39.4101,-74.3646,95.27,51,20,10.36,US,2021-07-27 18:02:42
162,La Paz,-16.5,-68.15,60.78,21,40,19.57,BO,2021-07-27 18:04:48
163,Marzuq,14.4,46.4667,77.29,71,85,8.61,YE,2021-07-27 18:07:31
164,Obzor,42.8167,27.8833,79.27,68,0,6.4,BG,2021-07-27 18:07:32
165,Tessalit,20.1986,1.0114,94.84,27,39,8.12,ML,2021-07-27 18:07:32
166,Husavik,66.0449,-17.3389,50.56,99,100,11.23,IS,2021-07-27 18:06:42
167,Ponta Do Sol,32.6667,-17.1,76.71,75,3,3.85,PT,2021-07-27 18:07:32
168,Hilton Head Island,32.2163,-80.7526,86.05,87,75,0.0,US,2021-07-27 18:07:30
169,Manzhouli,49.6,117.4333,59.61,85,4,3.65,CN,2021-07-27 18:07:33
170,Thiers,45.8333,3.5,70.97,88,100,1.14,FR,2021-07-27 18:07:33
171,Elmina,5.0898,-1.348,77.16,80,95,12.1,GH,2021-07-27 18:07:33
172,Tabou,4.423,-7.3528,78.04,73,100,10.67,CI,2021-07-27 18:07:34
173,Namibe,-15.1961,12.1522,66.9,82,26,5.97,AO,2021-07-27 18:07:34
174,Sibu,2.3,111.8167,75.31,93,50,1.1,MY,2021-07-27 18:07:34
175,Zhezkazgan,47.8043,67.7144,71.58,25,0,13.15,KZ,2021-07-27 18:07:35
176,Poum,-20.2333,164.0167,69.19,70,29,11.7,NC,2021-07-27 18:06:52
177,Henties Bay,-22.116,14.2845,60.85,65,0,10.74,NA,2021-07-27 18:07:35
178,Ketchikan,55.3422,-131.6461,61.27,72,75,13.8,US,2021-07-27 18:07:35
179,Port Elizabeth,-33.918,25.5701,61.11,42,17,8.81,ZA,2021-07-27 18:07:36
180,Lata,40.1629,-8.3327,80.04,53,0,11.48,PT,2021-07-27 18:07:36
181,Los Llanos De Aridane,28.6585,-17.9182,72.12,78,40,21.85,ES,2021-07-27 18:07:36
182,Ahipara,-35.1667,173.1667,54.59,82,20,8.3,NZ,2021-07-27 18:07:37
183,Iringa,-7.7667,35.7,52.83,57,4,8.28,TZ,2021-07-27 18:07:37
184,Gamba,-2.65,10.0,73.24,87,66,7.74,GA,2021-07-27 18:07:37
185,Crepy-En-Valois,49.2336,2.8881,66.25,82,100,9.91,FR,2021-07-27 18:07:38
186,Avera,33.194,-82.5271,92.91,46,45,4.47,US,2021-07-27 18:07:38
187,Vila Velha,-20.3297,-40.2925,78.75,69,20,14.97,BR,2021-07-27 18:07:38
188,Hami,42.8,93.45,89.53,16,2,4.34,CN,2021-07-27 18:07:39
189,Camacha,33.0833,-16.3333,70.56,78,75,17.27,PT,2021-07-27 18:07:39
190,Hammerfest,70.6634,23.6821,55.13,100,20,11.5,NO,2021-07-27 18:04:04
191,Salalah,17.0151,54.0924,78.89,94,75,5.75,OM,2021-07-27 18:07:39
192,Keffi,8.8486,7.8736,71.71,89,99,3.06,NG,2021-07-27 18:07:40
193,Superior,46.7208,-92.1041,76.82,71,90,8.05,US,2021-07-27 18:07:40
194,Linxia,35.6003,103.2064,55.06,83,53,2.95,CN,2021-07-27 18:07:41
195,Yamasaki,35.0,134.55,76.33,91,86,4.03,JP,2021-07-27 18:03:06
196,Dzidzantun,21.25,-89.05,98.35,36,18,1.63,MX,2021-07-27 18:07:41
197,Goure,13.9835,10.2704,87.78,48,88,9.73,NE,2021-07-27 18:07:42
198,San Andres,12.5847,-81.7006,87.82,70,40,11.5,CO,2021-07-27 18:06:46
199,Kapaa,22.0752,-159.319,80.92,81,40,11.5,US,2021-07-27 18:07:42
200,Kajansi,0.2081,32.5222,72.28,68,57,4.25,UG,2021-07-27 18:07:42
201,Katsuura,35.1333,140.3,78.12,85,78,14.97,JP,2021-07-27 18:07:43
202,Nassau,40.7507,-73.5829,93.88,45,1,5.01,US,2021-07-27 18:03:31
203,Plettenberg Bay,-34.0527,23.3716,57.02,89,6,2.46,ZA,2021-07-27 18:07:43
204,Faya,18.3851,42.4509,64.92,80,90,5.59,SA,2021-07-27 18:07:43
205,Nantucket,41.2835,-70.0995,86.34,51,1,11.5,US,2021-07-27 18:06:58
206,Yarim,14.298,44.3779,61.83,73,79,1.57,YE,2021-07-27 18:07:44
207,Nikolskoye,59.7035,30.7861,80.49,54,42,4.45,RU,2021-07-27 18:07:44
208,Chiredzi,-21.05,31.6667,58.96,62,5,4.56,ZW,2021-07-27 18:07:44
209,Bergen,60.392,5.328,69.08,88,75,6.91,NO,2021-07-27 18:07:45
210,Grindavik,63.8424,-22.4338,54.07,82,0,19.57,IS,2021-07-27 18:07:45
211,Tukrah,32.5341,20.5791,79.29,65,0,15.12,LY,2021-07-27 18:07:45
212,Sao Mateus,-18.7161,-39.8589,80.46,51,20,8.79,BR,2021-07-27 18:07:46
213,Muskogee,35.5834,-95.3336,96.46,63,1,5.75,US,2021-07-27 18:05:55
214,Nurpur,29.15,78.4167,80.71,83,80,6.13,IN,2021-07-27 18:07:46
215,Bayir,37.2687,28.2167,90.12,22,0,7.45,TR,2021-07-27 18:07:46
216,Fort-Shevchenko,44.5086,50.263,81.18,48,53,24.05,KZ,2021-07-27 18:07:47
217,Acarau,-2.8856,-40.12,85.55,59,33,19.66,BR,2021-07-27 18:05:29
218,Dauphin,51.1494,-100.0502,87.6,30,0,2.73,CA,2021-07-27 18:07:47
219,Buritis,-15.6178,-46.4233,88.05,18,33,2.28,BR,2021-07-27 18:04:49
220,Waingapu,-9.6567,120.2641,74.23,87,46,8.3,ID,2021-07-27 18:07:47
221,Tura,25.5198,90.2201,75.97,97,100,4.9,IN,2021-07-27 18:05:24
222,Sitka,57.0531,-135.33,60.69,72,75,8.05,US,2021-07-27 18:04:42
223,Clyde River,70.4692,-68.5914,48.4,71,42,2.89,CA,2021-07-27 18:07:48
224,Talakan,50.3167,130.3667,70.32,99,99,4.12,RU,2021-07-27 18:07:48
225,Chuy,-33.6971,-53.4616,49.1,52,8,17.27,UY,2021-07-27 18:06:15
226,Kamaishi,39.2667,141.8833,72.27,98,98,13.58,JP,2021-07-27 18:05:30
227,Areka,7.0667,37.7,59.52,90,95,1.9,ET,2021-07-27 18:07:49
228,Esperance,-33.8667,121.9,50.34,76,69,19.22,AU,2021-07-27 18:07:49
229,Hasaki,35.7333,140.8333,73.8,75,85,12.26,JP,2021-07-27 18:07:49
230,Kavaratti,10.5669,72.642,81.77,79,100,19.04,IN,2021-07-27 18:07:50
231,Goderich,43.7501,-81.7165,77.04,80,80,8.97,CA,2021-07-27 18:07:50
232,Kalachinsk,55.0529,74.5751,55.18,60,87,5.37,RU,2021-07-27 18:07:50
233,Male,4.1748,73.5089,82.63,75,100,12.95,MV,2021-07-27 18:07:50
234,Paratinga,-12.6906,-43.1842,91.35,21,3,3.04,BR,2021-07-27 18:07:51
235,Ugoofaaru,5.6667,73.0,82.67,76,93,13.89,MV,2021-07-27 18:07:51
236,Pierre,44.3683,-100.351,104.99,34,1,11.5,US,2021-07-27 18:07:52
237,Kolyvan,55.3053,82.7391,56.05,65,96,3.85,RU,2021-07-27 18:07:52
238,Conakry,9.538,-13.6773,78.69,85,54,13.58,GN,2021-07-27 18:03:34
239,Vao,-22.6667,167.4833,67.71,59,79,15.9,NC,2021-07-27 18:06:14
240,Pangody,65.85,74.4859,50.05,62,19,8.79,RU,2021-07-27 18:07:52
241,Santo Tomas,14.1079,121.1414,81.37,88,98,10.33,PH,2021-07-27 18:07:52
242,Gat,31.61,34.7642,83.08,66,0,6.76,IL,2021-07-27 18:07:53
243,Calamar,10.2511,-74.9146,87.75,49,87,11.43,CO,2021-07-27 18:07:53
244,Sabang,5.8933,95.3214,83.64,78,62,19.89,ID,2021-07-27 18:07:53
245,Mabaruma,8.2,-59.7833,84.06,76,87,3.65,GY,2021-07-27 18:07:54
246,Trinidad,-14.8333,-64.9,79.27,38,59,12.5,BO,2021-07-27 18:07:54
247,Yenagoa,4.9247,6.2642,77.31,76,98,6.26,NG,2021-07-27 18:07:55
248,Avarua,-21.2078,-159.775,69.85,83,40,3.44,CK,2021-07-27 18:07:55
249,Buenos Aires,-34.6132,-58.3772,51.69,48,40,11.5,AR,2021-07-27 18:06:55
250,Novikovo,51.1537,37.8879,74.68,49,66,3.89,RU,2021-07-27 18:07:55
251,Atherton,53.5237,-2.4935,67.55,86,100,1.99,GB,2021-07-27 18:07:56
252,Skelleftea,64.7507,20.9528,77.36,38,100,3.44,SE,2021-07-27 18:07:56
253,Llanelli,51.682,-4.1619,68.47,66,81,10.78,GB,2021-07-27 18:04:24
254,Metro,-5.1131,105.3067,70.48,86,8,5.44,ID,2021-07-27 18:07:57
255,Port Blair,11.6667,92.75,82.13,84,91,17.94,IN,2021-07-27 18:07:58
256,Coquimbo,-29.9533,-71.3436,58.73,72,0,12.66,CL,2021-07-27 18:07:58
257,Puerto Carreno,6.189,-67.4859,84.51,69,78,5.66,CO,2021-07-27 18:07:58
258,Yokadouma,3.5167,15.05,71.56,92,100,1.9,CM,2021-07-27 18:07:59
259,Luba,3.4568,8.5547,77.4,78,51,4.76,GQ,2021-07-27 18:07:59
260,Huarmey,-10.0681,-78.1522,71.08,72,27,10.25,PE,2021-07-27 18:04:31
261,Lahuachaca,-17.3667,-67.6667,54.18,34,9,11.61,BO,2021-07-27 18:07:59
262,Victoria,22.2855,114.1577,87.85,89,79,1.01,HK,2021-07-27 18:05:22
263,Touros,-5.1989,-35.4608,76.1,66,9,16.53,BR,2021-07-27 18:08:00
264,Havoysund,70.9963,24.6622,49.08,90,12,9.24,NO,2021-07-27 18:08:00
265,Shaoyang,27.2315,111.4525,77.94,75,2,3.18,CN,2021-07-27 18:08:00
266,Port Augusta,-32.5,137.7667,59.14,69,75,13.06,AU,2021-07-27 18:08:01
267,Colares,38.7992,-9.4469,76.19,60,20,29.93,PT,2021-07-27 18:08:01
268,Santa Lucia,27.9117,-15.5407,69.94,57,20,28.77,ES,2021-07-27 18:08:02
269,Huanan,46.2167,130.5167,74.34,70,25,0.94,CN,2021-07-27 18:08:02
270,Dedougou,12.4667,-3.4667,87.17,55,92,5.01,BF,2021-07-27 18:08:02
271,Constitucion,-35.3333,-72.4167,53.69,51,0,10.33,CL,2021-07-27 18:08:03
272,Bambous Virieux,-20.3428,57.7575,67.21,85,95,15.77,MU,2021-07-27 18:08:03
273,Matagami,49.7502,-77.6328,64.29,45,58,5.14,CA,2021-07-27 18:08:04
274,Ust-Nera,64.5667,143.2,48.45,89,99,6.76,RU,2021-07-27 18:08:04
275,Bytosh,53.8186,34.0912,75.36,92,81,2.51,RU,2021-07-27 18:08:04
276,Glendive,47.1053,-104.7125,95.63,25,1,5.75,US,2021-07-27 18:08:05
277,Aguas Formosas,-17.0822,-40.9358,86.47,29,20,4.83,BR,2021-07-27 18:08:05
278,Tiksi,71.6872,128.8694,35.98,95,51,4.92,RU,2021-07-27 18:08:05
279,Ancud,-41.8697,-73.8203,49.53,65,63,2.04,CL,2021-07-27 18:08:06
280,Leningradskiy,69.3833,178.4167,35.69,98,100,5.84,RU,2021-07-27 18:08:06
281,Zdvinsk,54.7021,78.661,58.41,58,77,3.4,RU,2021-07-27 18:08:06
282,Mildura,-34.2,142.15,55.36,94,75,9.22,AU,2021-07-27 18:08:06
283,Ribnica,45.7386,14.7275,80.19,73,99,4.59,SI,2021-07-27 18:08:07
284,Portland,45.5234,-122.6762,79.61,64,91,3.0,US,2021-07-27 17:57:55
285,Tigzirt,36.8886,4.1198,79.21,70,4,9.28,DZ,2021-07-27 18:08:07
286,Zogno,45.7919,9.6562,75.02,86,40,5.75,IT,2021-07-27 18:08:08
287,Grand-Santi,4.25,-54.3833,92.77,40,12,4.29,GF,2021-07-27 18:06:12
288,Beringovskiy,63.05,179.3167,48.07,96,100,9.57,RU,2021-07-27 18:08:08
289,Praya,14.9215,-23.5087,81.14,65,75,6.91,CV,2021-07-27 18:08:08
290,Roma,43.2128,-75.4557,86.13,65,75,3.44,US,2021-07-27 18:05:29
291,Wageningen,51.9667,5.6667,68.09,91,90,9.22,NL,2021-07-27 18:08:09
292,Riberalta,-10.9833,-66.1,98.11,28,25,0.85,BO,2021-07-27 18:08:09
293,Abadiania,-16.2042,-48.7069,82.63,21,13,6.26,BR,2021-07-27 18:08:09
294,Semey,50.4111,80.2275,63.59,45,33,7.61,KZ,2021-07-27 18:08:10
295,Ixtapa,20.7,-105.2,90.23,55,20,5.75,MX,2021-07-27 18:08:10
296,West Wendover,40.7391,-114.0733,87.01,29,1,5.75,US,2021-07-27 18:08:11
297,Road Town,18.4167,-64.6167,86.04,70,40,9.22,VG,2021-07-27 18:04:32
298,Harper,4.375,-7.7169,78.19,71,95,10.67,LR,2021-07-27 18:08:11
299,Vanimo,-2.6741,141.3028,77.09,92,72,6.6,PG,2021-07-27 18:08:11
300,Tortoli,39.9256,9.6572,83.98,65,51,6.78,IT,2021-07-27 18:08:12
301,Seydi,39.4816,62.9137,88.45,13,0,15.99,TM,2021-07-27 18:08:12
302,Yumen,40.2833,97.2,77.65,23,34,9.06,CN,2021-07-27 18:08:12
303,Bonnyville,54.2668,-110.735,76.86,44,83,9.08,CA,2021-07-27 18:08:12
304,Hun,29.1268,15.9477,91.2,18,2,7.74,LY,2021-07-27 18:08:13
305,Remanso,-9.6179,-42.0831,84.94,38,0,7.31,BR,2021-07-27 18:08:13
306,Tucurui,-3.7661,-49.6725,94.28,30,4,3.65,BR,2021-07-27 18:08:14
307,Turayf,31.6725,38.6637,89.47,19,0,18.12,SA,2021-07-27 18:08:14
308,Anaconda,46.1285,-112.9423,87.96,18,24,0.83,US,2021-07-27 18:08:14
309,Qasigiannguit,68.8193,-51.1922,61.05,71,100,2.17,GL,2021-07-27 18:06:00
310,Waddan,29.1614,16.139,90.95,19,1,9.53,LY,2021-07-27 18:08:14
311,Saint George,37.1041,-113.5841,90.79,52,1,1.99,US,2021-07-27 18:08:15
312,Kachug,53.9606,105.8817,57.52,74,0,1.83,RU,2021-07-27 18:08:15
313,Korla,41.7597,86.1469,90.59,16,0,5.57,CN,2021-07-27 18:08:15
314,Ulaangom,49.9811,92.0667,65.93,67,93,2.53,MN,2021-07-27 18:08:16
315,Martapura,-3.4167,114.85,75.29,94,97,2.3,ID,2021-07-27 18:08:16
316,Baisha,26.5222,110.9311,76.57,83,6,2.51,CN,2021-07-27 18:08:16
317,Trairi,-3.2778,-39.2689,84.74,57,62,14.65,BR,2021-07-27 18:08:17
318,Karak,31.1667,35.75,75.92,42,0,8.12,JO,2021-07-27 18:08:17
319,Sydney,-33.8679,151.2073,59.72,62,0,5.01,AU,2021-07-27 18:04:56
320,Erzin,36.9559,36.2,84.92,66,0,5.68,TR,2021-07-27 18:08:18
321,Muroto,33.2833,134.15,79.0,81,88,4.03,JP,2021-07-27 18:08:18
322,Komsomolskiy,40.4272,71.7189,84.92,34,40,4.61,UZ,2021-07-27 18:06:42
323,Dongsheng,39.8161,109.9776,65.01,66,68,16.73,CN,2021-07-27 18:05:47
324,Petatlan,17.5167,-101.2667,89.4,61,48,6.11,MX,2021-07-27 18:08:19
325,Mount Gambier,-37.8333,140.7667,51.37,89,96,19.57,AU,2021-07-27 18:08:19
326,Natal,-5.795,-35.2094,75.85,94,75,4.61,BR,2021-07-27 18:08:20
327,Marmaris,36.855,28.2742,94.95,58,0,5.46,TR,2021-07-27 18:08:20
328,Krasnoselkup,65.7,82.4667,46.78,95,100,10.42,RU,2021-07-27 18:08:20
329,Narsaq,60.9167,-46.05,59.22,55,99,8.81,GL,2021-07-27 18:08:21
330,Raton,36.9034,-104.4391,83.07,40,40,3.44,US,2021-07-27 18:08:21
331,Alofi,-19.0595,-169.9187,75.76,74,50,5.99,NU,2021-07-27 18:08:21
332,Kisanga,-7.4362,37.7034,72.3,41,26,0.78,TZ,2021-07-27 18:08:22
333,Antofagasta,-23.65,-70.4,64.22,58,7,10.76,CL,2021-07-27 18:04:52
334,Ankazoabo,-22.2833,44.5167,62.6,52,6,9.69,MG,2021-07-27 18:08:22
335,Egvekinot,66.3167,-179.1667,43.05,93,100,8.52,RU,2021-07-27 18:08:23
336,Santa Fe,-31.6333,-60.7,60.03,23,0,8.99,AR,2021-07-27 18:04:24
337,Cortez,37.3489,-108.5859,83.7,47,75,10.36,US,2021-07-27 18:08:23
338,Lompoc,34.6391,-120.4579,79.7,77,28,3.44,US,2021-07-27 18:04:26
339,Yerbogachen,61.2767,108.0108,65.25,67,5,5.23,RU,2021-07-27 18:06:36
340,Pacocha,-17.5833,-71.3333,59.14,88,90,6.91,PE,2021-07-27 18:08:23
341,Orissaare,58.5592,23.0826,68.97,80,100,11.3,EE,2021-07-27 18:08:24
342,Norman Wells,65.282,-126.8329,60.03,79,98,0.47,CA,2021-07-27 18:08:24
343,Oga,46.4631,10.347,56.68,84,69,6.73,IT,2021-07-27 18:08:24
344,Pipirig,47.25,26.0667,78.66,75,54,5.17,RO,2021-07-27 18:08:25
345,Tevriz,57.509,72.4042,57.02,77,88,4.21,RU,2021-07-27 18:08:25
346,Leh,34.1667,77.5833,67.5,50,51,9.04,IN,2021-07-27 18:08:25
347,Mayumba,-3.432,10.6554,73.06,88,84,6.49,GA,2021-07-27 18:08:25
348,Liku,-0.7275,119.8922,74.79,88,77,3.31,ID,2021-07-27 18:08:26
349,Annau,37.8876,58.516,89.1,20,0,2.3,TM,2021-07-27 18:08:26
350,Sisophon,13.5859,102.9737,77.2,89,100,5.95,KH,2021-07-27 18:08:26
351,Atar,20.5169,-13.0499,108.7,10,51,7.38,MR,2021-07-27 18:08:27
352,Swellendam,-34.0226,20.4417,54.86,68,29,8.79,ZA,2021-07-27 18:08:27
353,Kaeo,-35.1,173.7833,47.32,94,13,5.75,NZ,2021-07-27 18:08:27
354,Kokopo,-4.352,152.2633,75.97,84,33,5.23,PG,2021-07-27 18:05:24
355,Turukhansk,65.8167,87.9833,55.33,95,100,8.95,RU,2021-07-27 18:08:28
356,Haines Junction,60.7522,-137.5108,55.81,71,94,3.98,CA,2021-07-27 18:08:28
357,Jaisalmer,26.9147,70.9181,85.51,67,100,24.09,IN,2021-07-27 18:08:28
358,Lahaina,20.8783,-156.6825,78.8,91,36,10.22,US,2021-07-27 17:59:45
359,Nago,26.5881,127.9761,82.47,94,89,11.05,JP,2021-07-27 18:08:29
360,Gazanjyk,39.2446,55.5154,94.98,16,0,11.32,TM,2021-07-27 18:08:29
361,Shelburne,44.0787,-80.2041,70.12,64,99,7.81,CA,2021-07-27 18:08:29
362,Navolato,24.7672,-107.6944,86.18,50,73,5.55,MX,2021-07-27 18:08:30
363,La Rioja,42.25,-2.5,76.05,65,91,7.34,ES,2021-07-27 18:08:30
364,Margate,51.3813,1.3862,68.92,67,77,4.0,GB,2021-07-27 18:07:57
365,Alekseyevsk,57.8406,108.3492,65.3,60,1,0.74,RU,2021-07-27 18:08:30
366,Katherine,-14.4667,132.2667,62.92,67,47,3.44,AU,2021-07-27 18:08:31
367,Anadyr,64.75,177.4833,50.0,99,100,8.99,RU,2021-07-27 18:08:31
368,Pasighat,28.0667,95.3333,79.45,87,98,3.0,IN,2021-07-27 18:08:31
369,Ulladulla,-35.35,150.4667,56.88,62,90,8.68,AU,2021-07-27 18:08:32
370,Aparecida Do Taboado,-20.0867,-51.0936,93.16,20,5,9.64,BR,2021-07-27 18:08:32
371,Bilibino,68.0546,166.4372,39.79,83,93,6.53,RU,2021-07-27 18:08:32
372,Kungurtug,50.5994,97.5228,53.19,95,71,2.13,RU,2021-07-27 18:08:33
373,Lorengau,-2.0226,147.2712,81.14,78,28,7.29,PG,2021-07-27 18:08:33
374,Burpengary,-27.1575,152.9576,57.02,52,1,3.15,AU,2021-07-27 18:08:33
375,Meadow Lake,34.8014,-106.5436,85.24,43,61,7.47,US,2021-07-27 18:08:33
376,Luancheng,37.8792,114.6517,74.17,90,81,4.27,CN,2021-07-27 18:08:34
377,Hambantota,6.1241,81.1185,81.1,78,94,15.77,LK,2021-07-27 18:08:34
378,Newark,40.7357,-74.1724,94.91,41,20,6.91,US,2021-07-27 18:06:13
379,Srednekolymsk,67.45,153.6833,41.16,78,100,11.01,RU,2021-07-27 18:05:08
380,Quelimane,-17.8786,36.8883,69.75,83,40,3.44,MZ,2021-07-27 18:08:35
381,Kawalu,-7.3817,108.2082,68.7,93,45,0.87,ID,2021-07-27 18:08:35
382,Qingyuan,23.7,113.0333,85.98,71,86,2.3,CN,2021-07-27 18:08:35
383,Provideniya,64.3833,-173.3,46.9,99,100,10.36,RU,2021-07-27 18:08:36
384,Yabrud,33.9674,36.6574,74.86,40,0,4.63,SY,2021-07-27 18:08:36
385,Ondjiva,-17.0667,15.7333,62.38,24,0,5.97,AO,2021-07-27 18:08:37
386,Tomatlan,19.9333,-105.25,89.67,58,27,4.45,MX,2021-07-27 18:08:38
387,Vila Franca Do Campo,37.7167,-25.4333,73.81,78,51,10.13,PT,2021-07-27 18:08:38
388,Port Hueneme,34.1478,-119.1951,100.2,81,90,9.22,US,2021-07-27 18:08:38
389,Ocampo,21.65,-101.5,74.28,35,50,10.49,MX,2021-07-27 18:08:39
390,Ferrol,43.4832,-8.2369,73.65,86,9,9.15,ES,2021-07-27 18:08:39
391,Cayhagan,9.6697,122.4256,80.73,84,89,14.32,PH,2021-07-27 18:08:39
392,Dong Hoi,17.4833,106.6,82.92,76,100,9.22,VN,2021-07-27 18:08:39
393,Massaguet,12.4755,15.4365,76.17,84,99,10.4,TD,2021-07-27 18:08:40
394,Omboue,-1.5746,9.2618,75.06,78,70,7.43,GA,2021-07-27 18:08:40
395,Dunmore Town,25.5,-76.65,83.86,72,25,7.38,BS,2021-07-27 18:08:40
396,Karratha,-20.7377,116.8463,70.29,85,9,8.75,AU,2021-07-27 18:08:41
397,Buraydah,26.326,43.975,100.9,12,24,12.12,SA,2021-07-27 18:08:41
398,Esso,55.9333,158.7,57.43,93,93,3.13,RU,2021-07-27 18:08:41
399,Nishihara,26.1842,127.7558,81.68,63,75,13.8,JP,2021-07-27 18:08:41
400,Rincon,32.296,-81.2354,88.25,85,90,5.75,US,2021-07-27 18:08:42
401,Upernavik,72.7868,-56.1549,48.49,80,100,7.0,GL,2021-07-27 18:08:42
402,Ayame,5.6083,-3.1563,77.25,72,100,6.89,CI,2021-07-27 18:08:42
403,Hualmay,-11.0964,-77.6139,69.42,72,44,9.6,PE,2021-07-27 18:08:43
404,Ilorin,8.5,4.55,72.09,84,100,4.63,NG,2021-07-27 18:08:43
405,Saint-Francois,46.4154,3.9054,66.67,93,100,2.3,FR,2021-07-27 18:04:36
406,Uglovskoye,51.3557,80.1942,59.18,50,3,7.78,RU,2021-07-27 18:08:44
407,Dingle,10.9995,122.6711,79.05,81,96,11.7,PH,2021-07-27 18:08:44
408,Llata,-9.4167,-76.7833,64.87,48,29,10.36,PE,2021-07-27 18:08:44
409,Cruz Alta,-28.6386,-53.6064,47.91,46,14,16.08,BR,2021-07-27 18:08:44
410,Vestmannaeyjar,63.4427,-20.2734,52.9,88,100,10.69,IS,2021-07-27 18:08:45
411,Marshall,34.3834,-86.3333,93.07,56,40,1.99,US,2021-07-27 18:04:01
412,Tierra Colorada,17.1667,-99.5833,81.16,57,74,4.0,MX,2021-07-27 18:08:46
413,Saint-Joseph,-21.3667,55.6167,70.16,75,72,11.5,RE,2021-07-27 18:08:46
414,Rognan,67.0953,15.3878,75.06,74,30,1.92,NO,2021-07-27 18:08:46
415,Svetlyy,54.675,20.1347,73.45,77,50,7.81,RU,2021-07-27 18:08:47
416,Grand Gaube,-20.0064,57.6608,67.37,82,67,7.0,MU,2021-07-27 18:08:47
417,Vostok,46.4856,135.8833,70.12,85,92,2.95,RU,2021-07-27 18:08:48
418,Kakrala,27.9,79.2,82.98,84,83,10.96,IN,2021-07-27 18:08:49
419,Caravelas,-17.7125,-39.2481,78.01,61,12,9.24,BR,2021-07-27 18:04:32
420,Nata,8.3333,-80.5167,85.87,71,68,6.31,PA,2021-07-27 18:08:49
421,Kaparellion,38.2333,23.2167,88.95,28,0,4.52,GR,2021-07-27 18:08:50
422,Lander,42.833,-108.7307,90.41,15,1,3.44,US,2021-07-27 18:08:50
423,Pangnirtung,66.1451,-65.7125,46.4,100,75,3.44,CA,2021-07-27 18:08:50
424,Fredericton,45.9454,-66.6656,79.38,61,73,3.0,CA,2021-07-27 18:08:51
425,Morro Bay,35.3658,-120.8499,87.58,63,25,1.99,US,2021-07-27 18:03:53
426,Kalianget,-7.05,113.9333,78.19,78,24,10.71,ID,2021-07-27 18:08:51
427,Necochea,-38.5473,-58.7368,47.03,78,93,26.15,AR,2021-07-27 18:05:36
428,Boende,-0.2167,20.8667,81.16,32,93,0.81,CD,2021-07-27 18:08:51
429,Chapais,49.7834,-74.8492,58.5,46,78,6.71,CA,2021-07-27 18:08:52
430,Elizabeth City,36.2946,-76.2511,91.02,74,1,4.61,US,2021-07-27 18:05:21
431,Storforshei,66.4043,14.5233,82.18,37,20,4.61,NO,2021-07-27 18:08:52
432,Dali,25.7,100.1833,64.36,89,82,2.53,CN,2021-07-27 18:08:53
433,Bengkulu,-3.8004,102.2655,74.41,81,2,4.9,ID,2021-07-27 18:08:53
434,Kavieng,-2.5744,150.7967,82.76,74,41,12.41,PG,2021-07-27 18:08:45
435,Virginia Beach,36.8529,-75.978,91.02,69,75,9.22,US,2021-07-27 18:06:16
436,Matadi,-5.8167,13.45,83.44,47,35,12.8,CD,2021-07-27 18:08:53
437,Coahuayana,18.7333,-103.6833,89.08,58,90,4.59,MX,2021-07-27 18:08:54
438,San Quintin,30.4833,-115.95,75.51,68,7,10.45,MX,2021-07-27 18:08:54
439,Talnakh,69.4865,88.3972,71.15,69,93,5.91,RU,2021-07-27 18:08:54
440,Muzhi,65.3667,64.6667,40.66,93,60,5.37,RU,2021-07-27 18:08:55
441,Honningsvag,70.9821,25.9704,45.93,100,90,10.36,NO,2021-07-27 18:08:55
442,Puerto Madryn,-42.7692,-65.0385,45.88,59,57,26.19,AR,2021-07-27 18:07:00
443,New London,41.4834,-72.0662,92.03,50,0,1.99,US,2021-07-27 18:08:55
444,Punta De Bombon,-17.1717,-71.7931,61.88,77,82,9.84,PE,2021-07-27 18:08:55
445,Chivay,-15.6383,-71.6011,57.56,26,7,7.29,PE,2021-07-27 18:08:56
446,Schwerin,53.6294,11.4132,76.91,63,77,5.99,DE,2021-07-27 18:04:08
447,Toro,4.6117,-76.0814,74.08,87,100,1.92,CO,2021-07-27 18:08:56
448,Vilhena,-12.7406,-60.1458,92.28,24,18,5.84,BR,2021-07-27 18:05:44
449,Dzhebariki-Khaya,62.2167,135.8,52.63,78,1,4.32,RU,2021-07-27 18:08:57
450,Skjervoy,70.0311,20.9714,55.58,94,85,4.74,NO,2021-07-27 18:08:57
451,Sakaiminato,35.55,133.2333,77.97,76,90,2.55,JP,2021-07-27 18:08:57
452,Taoudenni,22.6783,-3.9836,113.68,4,6,12.1,ML,2021-07-27 18:08:57
453,Khani,41.9563,42.9566,63.97,97,98,0.13,GE,2021-07-27 18:08:58
454,Sergeyevka,53.88,67.4158,60.76,62,74,10.11,KZ,2021-07-27 18:08:58
455,Miranda,3.2499,-76.2281,77.13,87,100,3.47,CO,2021-07-27 18:08:58
456,Montepuez,-13.1256,38.9997,67.75,44,26,7.18,MZ,2021-07-27 18:08:59
457,Clearlake,38.9582,-122.6264,79.95,34,100,2.62,US,2021-07-27 18:07:52
458,Rio Pardo De Minas,-15.6097,-42.5397,84.96,23,10,4.88,BR,2021-07-27 18:08:59
459,Saint-Paul,-21.0096,55.2707,71.69,73,58,0.87,RE,2021-07-27 18:08:59
460,Khandbari,27.3747,87.2039,73.69,88,96,1.72,NP,2021-07-27 18:09:00
461,Nara,34.6851,135.8049,79.25,94,90,2.84,JP,2021-07-27 18:09:00
462,Raudeberg,61.9875,5.1352,71.38,93,100,9.82,NO,2021-07-27 18:09:01
463,Iqaluit,63.7506,-68.5145,47.03,65,93,9.13,CA,2021-07-27 18:09:01
464,Walvis Bay,-22.9575,14.5053,61.09,63,0,14.12,NA,2021-07-27 18:09:01
465,Deputatskiy,69.3,139.9,37.94,79,84,4.16,RU,2021-07-27 18:09:02
466,Lahat,-3.8,103.5333,69.37,80,3,3.02,ID,2021-07-27 18:09:02
467,Rafai,4.95,23.9167,73.67,74,91,1.16,CF,2021-07-27 18:09:02
468,Wagar,16.1525,36.2032,82.2,67,99,11.14,SD,2021-07-27 18:09:03
469,Vieques,18.425,-65.8329,89.17,73,56,14.92,PR,2021-07-27 18:09:03
470,Mecca,21.4267,39.8261,91.98,39,86,6.4,SA,2021-07-27 18:09:03
471,Hailar,49.2,119.7,59.13,94,6,3.0,CN,2021-07-27 18:09:03
472,Mitsamiouli,-11.3847,43.2844,76.28,73,34,13.35,KM,2021-07-27 18:09:04
473,Pirenopolis,-15.8525,-48.9592,85.84,20,4,6.15,BR,2021-07-27 18:09:04
474,Arlit,18.7369,7.3853,81.68,54,93,9.71,NE,2021-07-27 18:09:05
475,Hovd,48.0056,91.6419,65.66,62,48,3.49,MN,2021-07-27 18:09:05
476,Bara,10.3744,10.7288,76.05,77,99,5.03,NG,2021-07-27 18:09:05
477,Aripuana,-9.1667,-60.6333,99.34,24,16,2.17,BR,2021-07-27 18:09:05
478,Arcata,40.8665,-124.0828,55.26,95,90,5.75,US,2021-07-27 18:09:06
479,Miandrivazo,-19.5167,45.4667,69.1,53,28,2.08,MG,2021-07-27 18:09:06
480,Metu,8.3,35.5833,57.58,99,93,1.21,ET,2021-07-27 18:09:06
481,Sombor,45.7742,19.1122,85.91,35,57,1.92,RS,2021-07-27 18:09:07
482,Bandarbeyla,9.4942,50.8122,78.94,73,98,27.25,SO,2021-07-27 18:09:07
483,Smolenka,52.1352,113.4974,51.87,100,100,2.24,RU,2021-07-27 18:09:07
484,Gazojak,41.1875,61.4036,86.74,20,0,20.09,TM,2021-07-27 18:09:08
485,Douentza,14.9951,-2.9517,90.68,47,78,8.39,ML,2021-07-27 18:09:08
486,Jiuquan,39.7432,98.5174,76.1,25,73,7.76,CN,2021-07-27 18:09:08
487,Erenhot,43.6475,111.9767,72.77,53,73,9.19,CN,2021-07-27 18:09:09
488,Aksha,50.2814,113.2867,54.95,91,17,1.52,RU,2021-07-27 18:09:09
489,Bandar-E Lengeh,26.5579,54.8807,93.54,64,64,9.17,IR,2021-07-27 18:09:09
490,Mareeba,-17.0,145.4333,59.72,98,96,2.19,AU,2021-07-27 18:09:10
491,Roald,62.5833,6.1333,72.52,77,0,11.5,NO,2021-07-27 18:09:10
492,Kaseda,31.4167,130.3167,76.26,83,0,3.87,JP,2021-07-27 18:09:10
493,Dickinson,29.4608,-95.0513,96.17,64,40,1.01,US,2021-07-27 18:09:11
494,Risor,58.7206,9.2342,67.28,78,100,7.25,NO,2021-07-27 18:09:11
495,Port Hawkesbury,45.6169,-61.3485,80.91,80,9,4.0,CA,2021-07-27 18:06:49
496,Mahajanga,-15.7167,46.3167,73.42,73,20,5.75,MG,2021-07-27 18:09:11
497,Manaure,11.7751,-72.4445,89.4,56,78,19.15,CO,2021-07-27 18:09:12
498,Wanning,18.8003,110.3967,82.36,80,97,6.96,CN,2021-07-27 18:09:12
499,Palmer,42.1584,-72.3287,90.32,49,75,1.01,US,2021-07-27 18:09:12
500,Mao,39.8885,4.2658,81.16,50,0,8.05,ES,2021-07-27 18:09:13
501,Sawakin,19.1059,37.3321,91.53,60,100,5.86,SD,2021-07-27 18:09:13
502,Taonan,45.3333,122.7833,71.17,73,76,6.89,CN,2021-07-27 18:09:13
503,Fairbanks,64.8378,-147.7164,63.1,77,90,4.61,US,2021-07-27 18:09:13
504,San Rafael,-34.6177,-68.3301,49.95,25,100,11.05,AR,2021-07-27 18:09:14
505,Fare,-16.7,-151.0167,78.3,73,42,10.96,PF,2021-07-27 18:09:14
506,Kabalo,-6.05,26.9167,78.26,33,13,4.9,CD,2021-07-27 18:09:15
507,Nicoya,10.1483,-85.452,85.55,65,65,3.83,CR,2021-07-27 18:09:15
508,Altamira,-3.2033,-52.2064,96.3,27,26,3.04,BR,2021-07-27 18:09:15
509,Cockburn Town,21.4612,-71.1419,82.51,75,87,18.61,TC,2021-07-27 18:09:16
510,Kutum,14.2,24.6667,76.26,65,82,8.86,SD,2021-07-27 18:09:16
511,Kahului,20.8947,-156.47,79.86,84,40,16.11,US,2021-07-27 18:09:17
512,Changping,40.2186,116.2197,77.52,90,99,5.01,CN,2021-07-27 18:09:17
513,Kermanshah,34.3142,47.065,88.7,10,20,0.0,IR,2021-07-27 18:09:18
514,Buarcos,40.166,-8.8768,75.09,86,1,16.82,PT,2021-07-27 18:09:18
515,Murgab,37.4966,61.9714,82.27,28,0,9.22,TM,2021-07-27 18:09:18
516,Deming,32.2687,-107.7586,87.69,27,1,6.91,US,2021-07-27 18:05:41
517,Mantua,45.1667,10.7833,78.28,85,43,5.01,IT,2021-07-27 18:09:19
518,Salinopolis,-0.6136,-47.3561,84.49,65,39,12.8,BR,2021-07-27 18:09:19
519,Bilma,18.6853,12.9164,92.53,32,48,10.96,NE,2021-07-27 18:09:19
520,Krasnyy Profintern,57.7446,40.435,62.62,81,57,6.78,RU,2021-07-27 18:09:20
521,Pathein,16.7833,94.7333,79.14,91,100,9.4,MM,2021-07-27 18:09:20
522,Acapulco,16.8634,-99.8901,84.02,79,75,3.44,MX,2021-07-27 18:04:36
523,Addanki,15.8167,79.9833,87.69,53,81,9.91,IN,2021-07-27 18:09:20
524,Birao,10.2849,22.7882,72.5,94,90,5.66,CF,2021-07-27 18:09:20
525,Samaca,5.4927,-73.4854,61.48,71,80,4.65,CO,2021-07-27 18:09:21
526,Ostrovnoy,68.0531,39.5131,45.48,88,44,2.15,RU,2021-07-27 18:09:21
527,San Borja,-14.8167,-66.85,83.7,59,47,9.57,BO,2021-07-27 18:09:21
528,Salinas,36.6777,-121.6555,85.21,62,1,11.5,US,2021-07-27 18:09:22
529,Petropavlovsk-Kamchatskiy,53.0452,158.6483,57.07,87,100,14.79,RU,2021-07-27 18:08:02
530,Ngong,-1.3618,36.6566,59.77,49,97,7.45,KE,2021-07-27 18:09:22
531,Sisimiut,66.9395,-53.6735,57.47,56,92,23.13,GL,2021-07-27 18:09:22
532,Navrongo,10.8956,-1.0921,83.98,59,99,8.7,GH,2021-07-27 18:09:23
533,Mkokotoni,-5.8767,39.2547,73.94,73,6,16.04,TZ,2021-07-27 18:09:23
534,Puerto Escondido,15.85,-97.0667,85.03,74,75,5.75,MX,2021-07-27 18:09:23
535,Mentor,41.6662,-81.3395,88.93,54,1,18.99,US,2021-07-27 18:05:19
536,Berlevag,70.8578,29.0864,46.4,92,60,7.83,NO,2021-07-27 18:09:24
537,Guhagar,17.4842,73.1929,79.34,86,100,15.23,IN,2021-07-27 18:09:24
538,Tikrit,34.6071,43.6782,105.44,15,0,21.34,IQ,2021-07-27 18:09:24
539,La Ronge,55.1001,-105.2842,73.38,40,100,11.48,CA,2021-07-27 18:09:25
540,Kurikka,62.6167,22.4167,81.05,48,83,2.15,FI,2021-07-27 18:09:25
541,Luanda,-8.8368,13.2343,72.12,84,32,18.14,AO,2021-07-27 18:09:25
542,Mopipi,-21.1833,24.8833,56.66,41,0,6.93,BW,2021-07-27 18:09:26
543,Voyinka,45.8699,33.9914,78.03,55,16,10.92,UA,2021-07-27 18:09:26
544,Verkhnevilyuysk,63.4453,120.3167,59.86,67,27,3.15,RU,2021-07-27 18:09:26
545,Port Lincoln,-34.7333,135.8667,53.26,71,25,27.54,AU,2021-07-27 18:09:05
546,Ambilobe,-13.2,49.05,68.85,81,56,3.58,MG,2021-07-27 18:09:27
547,Akdepe,42.0551,59.3788,86.0,26,0,14.7,TM,2021-07-27 18:09:27
548,Saint John,45.2727,-66.0677,73.18,86,68,9.17,CA,2021-07-27 18:08:29
549,Opuwo,-18.0607,13.84,64.85,25,0,8.57,NA,2021-07-27 18:09:27
550,Maningrida,-12.0667,134.2667,69.57,95,42,6.78,AU,2021-07-27 18:05:47
551,Pacasmayo,-7.4006,-79.5714,71.76,72,35,14.54,PE,2021-07-27 18:09:28
552,Kabin Buri,13.9511,101.7177,76.37,92,100,4.34,TH,2021-07-27 18:09:28
553,Nuuk,64.1835,-51.7216,57.81,72,75,19.57,GL,2021-07-27 18:09:28
554,Mehriz,31.5917,54.4318,88.3,20,51,11.79,IR,2021-07-27 18:09:29
555,Pafos,34.7667,32.4167,87.58,33,0,5.75,CY,2021-07-27 18:09:29
556,Halifax,44.6453,-63.5724,75.52,75,16,5.01,CA,2021-07-27 18:09:30
557,Nioro,13.35,-15.75,87.51,58,66,9.95,GM,2021-07-27 18:09:30
558,Bintulu,3.1667,113.0333,80.15,85,52,4.5,MY,2021-07-27 18:09:30
559,Svetlaya,46.5389,138.3297,67.08,96,99,0.87,RU,2021-07-27 18:09:31
